Name,Article number
STUART ELLIOTT,1016
NADINE BROZAN,608
ALAN TRUSCOTT,322
BRUCE LAMBERT,318
JOE SEXTON,299
STEPHEN HOLDEN,297
ADAM BRYANT,272
MURRAY CHASS,260
ALLAN KOZINN,255
JON PARELES,246
CLIFTON BROWN,242
JACK CURRY,235
KENNETH GILPIN,233
JENNIFER DUNNING,227
GERALD ESKENAZI,223
HARVEY ARATON,221
FRANK LITSKY,219
FILIP BONDY,219
EDMUND ANDREWS,219
BERNARD HOLLAND,213
JOE LAPOINTE,209
PAUL LEWIS,202
JOSEPH DURSO,202
TIMOTHY SMITH,198
CLYDE HABERMAN,197
PETER WATROUS,196
MICHAEL MARTINEZ,190
GWEN IFILL,189
WILLIAM RHODEN,185
KEITH BRADSHER,185
BARBARA CROSSETTE,184
MATTHEW WALD,183
JANET MASLIN,183
ROBIN FINN,179
MICHAEL JANOFSKY,177
WILLIAM WALLACE,176
MALCOLM MORAN,175
EBEN SHAPIRO,174
DAVE ANDERSON,172
ALAN RIDING,171
STEVEN GREENHOUSE,170
DEGEN PENER,170
JOHN BURNS,169
GEORGE VECSEY,169
THOMAS FRIEDMAN,168
RICHARD BERKE,165
WALTER GOODMAN,164
EDWARD ROTHSTEIN,163
ALEX YANNIS,163
JOHN O'CONNOR,161
ADAM CLYMER,160
ANDREW ROSENTHAL,158
JACK ANDERSON,156
TODD PURDUM,155
WOLFGANG SAXON,153
JAIME DIAZ,153
ERIC SCHMITT,153
ANNA KISSELGOFF,152
JERRY GRAY,151
RONALD SULLIVAN,150
DORON LEVIN,150
FLOYD NORRIS,149
CLAIRE SMITH,149
ROBERT PEAR,147
CLIFFORD KRAUSS,147
VINCENT CANBY,146
MICHAEL WINES,145
RICHARD STEVENSON,144
DENNIS HEVESI,144
ANTHONY RAMIREZ,144
THOMAS GEORGE,143
SAM VERHOVEK,143
MICHAEL QUINT,143
WAYNE KING,142
JONATHAN FUERBRINGER,140
ALVIN KLEIN,140
KAREN SCHOEMER,139
WILLIAM SAFIRE,138
KEVIN SACK,138
ROBERT HURTADO,137
RICHARD SANDOMIR,137
ANDREW POLLACK,137
HOLLAND COTTER,135
ELEANOR CHARLES,135
FLORENCE FABRICANT,134
JAMES OESTREICH,133
WILLIAM SCHMIDT,132
ROBERT HANLEY,132
ROBERT BYRNE,132
SETH FAISON,130
ALAN COWELL,130
MARVINE HOWE,129
STEPHEN KINZER,128
ROBIN TONER,128
STEPHANIE STROM,127
JOHN MARKOFF,127
DAVID SANGER,127
BRYAN MILLER,126
PETER LEWIS,125
JOSEPH BERGER,125
BILL CARTER,125
R. APPLE,124
CRAIG WHITNEY,124
CALVIN SIMS,124
THOMAS HAYES,123
MEL GUSSOW,123
JAMES BROOKE,123
AL HARVIN,123
ROBERTA SMITH,122
JAMES BARRON,122
CLYDE FARNSWORTH,122
DAVID JOHNSTON,121
ROGER COHEN,119
BERNARD WEINRAUB,119
SERGE SCHMEMANN,118
ROBERT MCG,118
MARIAN BURROS,118
JAMES STERNGOLD,118
PHIL BERGER,117
ELAINE SCIOLINO,116
BARBARA LLOYD,116
JOHN WARDE,114
STEVEN HOLMES,113
JANE PERLEZ,113
GERALDINE FABRIKANT,112
JAMES MCKINLEY,111
CHUCK SUDETIC,111
BARNABY FEDER,111
ANNE RAVER,111
CHARLES HAGEN,110
JOHN CUSHMAN,108
JAMES BENNET,108
JOHN MCQUISTON,107
DULCIE LEIMBACH,107
CAROLE GOULD,107
STEVEN MYERS,106
JOSEPH SULLIVAN,106
BRUCE WEBER,106
ELIZABETH KOLBERT,105
ROBERT SHERMAN,104
PHILIP SHENON,103
MILT FREUDENHEIM,103
LARRY ROHTER,103
LINDA GREENHOUSE,102
LAWRENCE ALTMAN,102
VIVIEN RAYNOR,100
FRANK PRIAL,100
STEPHEN LABATON,99
SAM ROBERTS,99
IAN FISHER,99
BERNADINE MORRIS,99
SARAH LYALL,98
NATHANIEL NASH,98
ELAINE LOUIE,98
MICHAEL KIMMELMAN,97
JANE BRODY,97
CELESTINE BOHLEN,97
LESLIE GELB,96
ALAN FINDER,96
KURT EICHENWALD,95
ANTHONY LEWIS,95
JENNIFER FREY,94
SETH MYDANS,93
MICHIKO KAKUTANI,93
JOHN WILFORD,93
MICHAEL KELLY,92
JACQUES STEINBERG,92
CHRIS HEDGES,92
RUSSELL BAKER,91
IRA BERKOW,91
ANDREW MALCOLM,91
ANDREE BROOKS,91
AGIS SALPUKAS,91
WILLIAM GRIMES,90
LEE DANIELS,90
KEITH SCHNEIDER,90
GINA KOLATA,90
STEVEN ERLANGER,89
CAROL VOGEL,89
WILLIAM BROAD,88
NEIL LEWIS,88
HOWARD FRENCH,88
CHRISTOPHER LEHMANN-HAUPT,87
ANNA QUINDLEN,87
TIM GOLDEN,86
DAVID ROSENBAUM,86
ARNOLD LUBASCH,86
FELICITY BARRINGER,85
ROBERT REINHOLD,84
JAMES DAO,84
GEORGE JAMES,84
DAVID MARGOLICK,84
PETER APPLEBOME,83
DOUGLAS MARTIN,83
CARRIE DONOVAN,83
SUZANNE SLESIN,82
PETER PASSELL,82
MICHAEL GORDON,82
JOSH BARBANEL,82
ANTHONY DEPALMA,82
DIANE KETCHAM,81
MOLLY O'NEILL,80
CHRISTOPHER WREN,80
SHAWN KENNEDY,79
EDWARD GARGAN,79
ARI GOLDMAN,79
ALISON MITCHELL,79
WARREN LEARY,78
MALCOLM BROWNE,78
WILLIAM GLABERSON,77
STEVEN PROKESCH,77
LOUIS UCHITELLE,77
HERBERT MITGANG,77
BILL KELLER,77
STEVE LOHR,76
JONATHAN HICKS,76
CONSTANCE HAYS,76
PHILIP HILTS,75
PETER STEINFELS,75
MICHAEL DE COURCY,75
KIRK JOHNSON,75
JOHN ROCKWELL,75
IVER PETERSON,75
ALEX JONES,75
JOSEPH FRIED,74
TIMOTHY EGAN,73
STEPHEN ENGELBERG,73
THOMAS LUECK,72
RONALD SMOTHERS,72
MARIA NEWMAN,72
CHARLES STRUM,72
ALLEN MYERSON,72
ROBERTO SURO,71
ROBERTA HERSHENSON,71
ALISON COWAN,71
SUSAN ANTILLA,70
JOHN HOLUSHA,70
FRANK RICH,70
EDWIN MCDOWELL,69
ALESSANDRA STANLEY,69
RITA REIF,68
DIANA SCHEMO,68
DEIRDRE CARMODY,68
CRAIG WOLFF,68
MARSHALL SCHUON,67
ANNE-MARIE SCHIRO,67
RON ALEXANDER,66
KAREN DE WITT,66
GLENN COLLINS,66
FRANCIS CLINES,66
SYLVIA NASAR,65
LINDA YANG,65
JOAN FAUST,65
EVELYN NIEVES,65
DONATELLA LORCH,65
CARYN JAMES,65
SHERYL WUDUNN,64
SELWYN RAAB,64
NATALIE ANGIER,64
J. ZANE,64
CATHERINE MANEGOLD,64
ALEX ROSS,64
WOODY HOCHSWENDER,63
MICHAEL SPECTER,63
GEORGE JUDSON,62
DAVID DUNLAP,62
ANDREW YARROW,62
ROBERT LIPSYTE,61
PATRICIA BROWN,61
LYNDA RICHARDSON,61
PETER KERR,60
JONATHAN RABINOVITZ,59
FOX BUTTERFIELD,59
CLIFFORD LEVY,59
MAUREEN DOWD,58
GLENN RIFKIN,58
DAVID GONZALEZ,58
WILLIAM HONAN,57
L. SHANNON,57
MICHAEL KAUFMAN,56
TESSA MELVIN,54
SHEILA RULE,54
LEONARD SLOANE,54
KATHLEEN TELTSCH,54
JANE GROSS,54
CHRISTOPHER GRAY,54
BARBARA NOBLE,54
TERRY TRUCCO,53
PIERRE FRANEY,53
PATRICIA BROOKS,53
MARTIN TOLCHIN,53
PENNY SINGER,52
LAWRENCE KUTNER,52
JOANNE STARKEY,52
JAMES CLARITY,52
ERIC PACE,52
DIRK JOHNSON,52
DAVID BINDER,52
CELIA DUGGER,52
C. RAY,52
RALPH BLUMENTHAL,51
SHIRLEY CHRISTIAN,50
MICHEL MARRIOTT,50
RICHARD SCHOLEM,49
DAVID RICHARDS,49
CARL SOMMERS,49
WILLIAM STEVENS,48
TAMAR LEWIN,48
JOEL KURTZMAN,48
JAY ROMANO,48
PATRICK TYLER,47
LISA BELKIN,47
ISABEL WILKERSON,47
ELSA BRENNER,47
DEBORAH SONTAG,47
BARRY MEIER,47
ALEX WITCHEL,47
BETSY WADE,45
LINDSEY GRUSON,44
JASON DEPARLE,44
DON TERRY,44
LAWRENCE GELDER,43
HENRY KAMM,43
LAUREL GRAEBER,41
JOSEPH SIANO,41
JANE FRITSCH,41
HERBERT MUSCHAMP,41
RICHARD PEREZ-PENA,40
MARLISE SIMONS,40
ALAN OSER,40
TOM FRIEND,39
STEVEN WEISMAN,39
LYNETTE HOLLOWAY,39
CARA GREENBERG,39
SUSAN CHIRA,38
ROBERT HAMILTON,38
NICK RAVO,38
N. KLEINFIELD,38
TRISH HALL,37
MARTIN GOTTLIEB,37
IHSAN HIJAZI,37
ENID NEMY,36
MICHAEL WINERIP,35
JOHN TAGLIABUE,35
STEPHEN MILLER,34
SANDRA BLAKESLEE,34
LOIS BRADY,34
JON NORDHEIMER,34
JACK CAVANAUGH,34
DANIEL GOLEMAN,34
DANIEL CUFF,34
ANN POWERS,34
PETER KILBORN,32
BOB MORRIS,32
BARTH HEALEY,32
MIREYA NAVARRO,31
JOHN RUSSELL,31
JEFFREY SCHMALZ,31
BLOOMBERG NEWS,30
WILBORN HAMPTON,29
SARA RIMER,29
RAYMOND HERNANDEZ,29
DEAN BAQUET,29
SANJOY HAZARIKA,28
ANDREA ADELSON,28
SANDRA BAILEY,27
MOIRA HODGSON,26
MELINDA HENNEBERGER,26
LINDA SASLOW,26
JOHN WILSON,26
JED STEVENSON,26
E. SHIPP,26
SAMUEL ABT,25
JAMES FERON,25
MIKE FREEMAN,24
HAROLD FABER,24
BETTY FREUDENHEIM,24
JOEL GREENBERG,23
JEFF GERTH,23
MERRI ROSENBERG,22
JOHN TIERNEY,22
GEORGIA DULLEA,22
ELISABETH ROSENTHAL,22
CLAUDIA DEUTSCH,21
CHARLIE NOBLES,21
MARILYN STASIO,20
LEONARD SILK,20
SARAH BARTLETT,19
NANCY POLK,19
LISA FODERARO,19
NELSON BRYANT,18
HANS FANTEL,18
FRANCES MARCUS,18
WALTER SULLIVAN,17
KIM FOLTZ,17
JANET NELSON,17
ERIK ECKHOLM,17
ERIC BERG,17
BILL RYAN,17
SUZANNE CASSIDY,16
RAY CORIO,16
LENA WILLIAMS,16
JAN HOFFMAN,16
IRVIN MOLOTSKY,16
HOWARD GOLDBERG,16
GRACE LICHTENSTEIN,16
FELICIA LEE,16
CAROL YOON,16
BARBARA BASLER,16
ANDI RIERDEN,16
YANICK LAMB,15
VERONICA BYRD,15
VALERIE CRUICE,15
SAM DILLON,15
HAL RUBENSTEIN,15
DAVID WALLACE,15
SAMUEL WEISS,14
PAUL GOLDBERGER,14
LESLIE WAYNE,14
KATE LOMBARDI,14
JERRY CHESLOW,14
CAROL LAWSON,14
JOYCE JONES,13
JANET PIORKO,13
ALBERT PARISI,13
TERESA WAITE,12
LYN RIDDLE,12
CAROLYN BATTISTA,12
BARBARA KAFKA,12
TOM CALLAHAN,11
ROBERT CALEM,11
NEWGATE CALLENDAR,11
MAUREEN MILFORD,11
LISA PULITZER,11
JACQUES PEPIN,11
ELEANOR BLAU,11
CHRISTOPHER CLAREY,11
BRENDA FOWLER,11
RONA BERG,10
MORRIS NEWMAN,10
MERVYN ROTHSTEIN,10
MARY VIZARD,10
MARY RAFFALLI,10
GEORGE JOHNSON,10
DONALD MCNEIL,10
DEBORAH BLUMENTHAL,10
BILL CUNNINGHAM,10
MICHAEL MALONE,9
MARJORIE KAUFMAN,9
KARL MEYER,9
JUDITH MILLER,9
JIM BENAGH,9
ELIZABETH ABBOTT,9
ELISABETH GINSBURG,9
DAVID ANDERSON,9
TERENCE NEILAN,8
SANDRA HARWITT,8
SABRA CHARTRAND,8
RUTH ROBINSON,8
PRISCILLA TASSEL,8
LETTICE STUART,8
JOEL BRINKLEY,8
JODY SHIELDS,8
DAVID MURRAY,8
SEDGWICK CLARK,7
RICK MARIN,7
RICHARD SHEPARD,7
RICHARD SEVERO,7
PAUL MONTGOMERY,7
PATRICIA MALARCHER,7
MARY CANTWELL,7
MARC BLOOM,7
JAMIE JAMES,7
GERALD JONAS,7
FREDERIK ELIASON,7
ERIC ASIMOV,7
EDEN LIPSON,7
BRET SENFT,7
ALLAN GOLD,7
VICKI GOLDBERG,6
TOM TOOLEN,6
PAT BROESKE,6
MARJORIE CONNELLY,6
FRAN HANDMAN,6
DAVID UNGER,6
CAROL STRICKLAND,6
SUSAN TOTH,5
SARAH BOXER,5
ROBERT TOMASSON,5
RICHARD NICHOLLS,5
RICHARD MOONEY,5
PETER KEEPNEWS,5
NANCY JENKINS,5
NANCY HARRISON,5
MONIQUE YAZIGI,5
MICHAEL ANDERSON,5
LEONARD KOPPETT,5
LAURA MANSNERUS,5
KENNETH FURIE,5
KEN SHULMAN,5
JOSH KURTZ,5
JANE LII,5
JAMES SERVIN,5
HOWELL RAINES,5
HARRIET KING,5
DONNA CORNACHIO,5
DAVID HIGDON,5
BILL SHARP,5
ANDREA STEVENS,5
ALLEN LACY,5
ALISON MOORE,5
TIM RACE,4
SHIRLEY HORNER,4
SAMUEL FREEDMAN,4
ROSEMARY RANCK,4
ROSALIE RADOMSKY,4
ROLAND MILLER,4
ROBERT WOLETZ,4
PHILLIP LUTZ,4
PETER KAMINSKY,4
PEGGY CONSTANTINE,4
MICHAEL ROSS,4
MARY BILLARD,4
MARIA ODUM,4
LEO CARNEY,4
JOHN MACKENZIE,4
JODY SHEILDS,4
JAMES KINCAID,4
IVANA EDWARDS,4
HELEN PIKE,4
GRIFFIN MILLER,4
GABRIELLE GLASER,4
FORD RISLEY,4
DAVID BAIN,4
CORNELIA DEAN,4
CHERYL KENT,4
BILL KENT,4
ANN HARRIS,4
ANDREA COOPER,4
ANDREA BARNET,4
ALLEN BOYER,4
ALIDA BECKER,4
ZOFIA SMARDZ,3
WALTER FLETCHER,3
TINA TRASTER-POLAK,3
TIM HILCHEY,3
SUZANNE DECHILLO,3
STATES SERVICE,3
PATRICIA GRANDJEAN,3
NADIN BROZAN,3
MIRIAM DAVIDSON,3
MILO MILES,3
MIKE ALLEN,3
MERYL GORDON,3
MARY EMBLEN,3
MARSHALL SELLA,3
MARGOT SLADE,3
MARGO KAUFMAN,3
MARCIA LIEBERMAN,3
KENNETH UVA,3
JULIE LEW,3
JUDITH SHULEVITZ,3
JOYCE PURNICK,3
JOHN PAULOS,3
JENNIFER STEINHAUER,3
JASON DIAMOS,3
JANET BATTAILE,3
JAN ROSEN,3
JAMES DUNAWAY,3
JACK SULLIVAN,3
EVELYN TOYNTON,3
ELLEN MITCHELL,3
DOUGLAS SYLVA,3
DONALD PEVSNER,3
DAVIDSON GOLDIN,3
DAVID WALTON,3
CHARLES SALZBERG,3
BROOKE TARABOUR,3
ARTHUR KAMIN,3
ANDY SOLOMON,3
WILLIAM WILSON,2
WILLIAM ROBBINS,2
WILLIAM PRITCHARD,2
TOM PIAZZA,2
TOM KUNTZ,2
THOMAS HINES,2
SUSANNAH HUNNEWELL,2
SUSAN SHAPIRO,2
SUSAN KARLIN,2
SUSAN GILBERT,2
STEVEN VIUKER,2
STEVEN HART,2
STEVE COATES,2
STEPHEN TRUJILLO,2
STEPHEN HALL,2
STANLEY CARR,2
SIMON REYNOLDS,2
SEAN MEHEGAN,2
SAUL HANSELL,2
SARAH FERRELL,2
SARAH FERGUSON,2
RUTH REJNIS,2
RUSSELL WEIGLEY,2
ROBERT WADDELL,2
ROBERT STRAUSS,2
ROBERT MCNAMARA,2
ROBERT KENNEDY,2
RICHARD WITKIN,2
RANDY KENNEDY,2
RAND COOPER,2
PAULA DEITZ,2
PAUL BELINKIE,2
NINA SIMONDS,2
NICHOLAS BASBANES,2
NEAL KARLEN,2
MYRA KLOCKENBRINK,2
MITCHEL LEVITAS,2
MICHAEL LICHTENSTEIN,2
MICHAEL KUBY,2
MAUREEN BALLEZA,2
MARY SIMETI,2
MARK MILLER,2
MARION UNDERHILL,2
MARILYN BERGER,2
MARCELLE CLEMENTS,2
MADISON BELL,2
LINDSY GELDER,2
LEON SIGAL,2
LENA JWILLIAMS,2
KEN HUNT,2
KATHLEEN QUINN,2
KATHARINE WEBER,2
KARAL MARLING,2
JULIA JUST,2
JUDY GLASS,2
JOYCE OATES,2
JOAN NATHAN,2
JOAN KRON,2
JILL ROBINSON,2
JESSE GREEN,2
JENNIFER STOFFEL,2
JAY ROSEN,2
JANICE FIORAVANTE,2
JAN BENZEL,2
JAMES ATLAS,2
J. KLOR,2
HOWARD MOSHER,2
HILARY DE VRIES,2
HAROLD SCHONBERG,2
GRANT GLICKSON,2
FRAN SILVERMAN,2
EVE KAHN,2
ELIZABETH HANSON,2
ELIZABETH BROOKE,2
DENNIS CARROLL,2
DEBORAH JACOBS,2
DAVID SHIPLER,2
DAVID KAUFMAN,2
DAVID DONALD,2
DANIEL MOYNIHAN,2
DANIEL KEVLES,2
DAMON WRIGHT,2
CORA DANIELS,2
CHESTER HIGGINS,2
CARL LAVIN,2
C. SATTERWHITE,2
BRENT STAPLES,2
BEVYA ROSTEN,2
BARBARA ASCHER,2
ANNE CRONIN,2
ANNASUE WILSON,2
ANN BANKS,2
AMY HEARTH,2
ALLEN BARRA,2
ADAM NOSSITER,2
A. RASKIN,2
YOLANDA ANDREWS,1
WOLFGANG WOLFGANG,1
WILLKIAM WALLACE,1
WILLIAM WELD,1
WILLIAM VOLLMANN,1
WILLIAM MACLEISH,1
WILLIAM KENNEDY,1
WILLIAM HUDNUT,1
WILLIAM FERGUSON,1
WILLIAM COLBY,1
WILLIAM BENNETT,1
WILL CRUTCHFIELD,1
WHITNEY SEYMOUR,1
WAYNE SMITH,1
WALTER MONDALE,1
WALTER KIRN,1
VICTORIA DE GRAZIA,1
VERNE NEWTON,1
VALERIE MERCER,1
TOVAH MARTIN,1
TOM WICKER,1
TOM FERRELL,1
TODD BEAMON,1
TINA TRASTER,1
TIMOTHY SULLIVAN,1
THOMAS MCGUANE,1
THOMAS KEAN,1
THOMAS FOLEY,1
TED DYK,1
SUZANNE MACNEILLE,1
SUZANNE BERNE,1
SUSAN BOXER,1
SUE CULLINAN,1
STUART TAYLOR,1
STUART MARTIN,1
STUART ELLIOT,1
STEWART YERTON,1
STEWART UDALL,1
STEWART KAMPEL,1
STEVEN HELLER,1
STEPHEN SOLARZBY,1
STEPHEN HOLMES,1
STEPHEN HOLDENT,1
STEPHEN GOLDSMITH,1
STEPGEN HOLDEN,1
SIMI VALLEY,1
SIDNEY BLUMENTHAL,1
SHELLY FREIERMAN,1
SAN FRANCISCO,1
SAM GOLDAPER,1
SALLY STEINBERG,1
RUDOLPH PENNER,1
RUDOLPH GIULIANI,1
ROSS MILLOY,1
RONALD SPIERS,1
RONALD REAGAN,1
RONALD ASHKENAS,1
ROGER ALTMAN,1
ROBIN HENIG,1
ROBERT WAGNER,1
ROBERT SURO,1
ROBERT PECK,1
ROBERT MYERS,1
ROBERT MOSS,1
ROBERT MACDONALD,1
ROBERT LIGHTHIZER,1
ROBERT LIFTON,1
ROBERT KUPPERMAN,1
ROBERT HAHN,1
ROBERT DANIELS,1
ROBERT CRANDALL,1
ROBERT CAPON,1
ROBERT BORK,1
ROBERT BARZILAY,1
ROBB DEW,1
RICHARD SHWEDER,1
RICHARD ROSEN,1
RICHARD POWERS,1
RICHARD MURPHY,1
RICHARD MEISLIN,1
RICHARD HYLTON,1
RICHARD HOFFMAN,1
RICHARD GOODMAN,1
RICHARD GEPHARDT,1
RICHARD FOX,1
RICHARD BERNSTEIN,1
RENEE MICHAEL,1
REBECCA SINKLER,1
RACHEL POWELL,1
PETER T,1
PETER PRESCOTT,1
PETER PETERSON,1
PETER NICHOLS,1
PETER KILBORNE,1
PETER HELLMAN,1
PETER BENCHLEY,1
PENELOPE GREEN,1
PAUL KRUGMAN,1
PATRICK LEAHY,1
PATRICIA TASSEL,1
PATRICIA O'CONNER,1
PATRICIA LAWFORD,1
PAMELA BRANDT,1
ORLANDO PATTERSON,1
OLWEN WOODIER,1
NORMAN RUSH,1
NORA KERR,1
NORA FRENKIEL,1
NICOLE BALL,1
NICK KAREN,1
NICHOLAS KRISTOF,1
NEAL LEWIS,1
NEAL KOCH,1
NATHANIEL NASHBUENOS,1
NANCY WARTIK,1
NANCY SHARKEY,1
NANCY KASSEBAUM,1
NANCY BETTER,1
MURRAY SCHUMACH,1
MORTON ABRAMOWITZ,1
MONICA BORKOWSKI,1
MICHAEL POLLAK,1
MICHAEL MARRUS,1
MICHAEL KAGAY,1
MICHAEL HINDS,1
MICHAEL DYSON,1
MICHAEL DUGAN,1
MICHAEL DE COURCEY,1
MICHAEL BESCHLOSS,1
MERY GALANTERNICK,1
MEL WATKINS,1
MATTHEW ROSE,1
MATTHEW LIFFLANDER,1
MARY SALTER,1
MARVIN FRANKEL,1
MARTIN SABO,1
MARK TAYLOR,1
MARK SPEVACK,1
MARK SILK,1
MARIO LLOSA,1
MARIALISA CALTA,1
MARGARETT LOKE,1
MARGARET STEINFELS,1
MARCIA CHAMBERS,1
MARC KIRSCHNER,1
LOUIS FREEH,1
LOIS SMITH,1
LINDA LEE,1
LIESL SCHILLINGER,1
LEORA FRANKEL,1
LAWRIE MIFFLIN,1
LAWRENCE KORB,1
LAWRENCE FISHER,1
LAURENCE TRIBE,1
L. DAVIS,1
KURT SCHMOKE,1
KERRY GRUSON,1
KENT SHAW,1
KENNETH TIMMERMAN,1
KENNETH HAGAN,1
KEN SCHULTZ,1
KEN DRUSE,1
KATIE HAFNER,1
KATHRYN SHATTUCK,1
KATHLEEN FAILLAFROM,1
KATHERINE BISHOP,1
KAREN STABINER,1
KAREN RAY,1
KAREN FREEMAN,1
KAREN DEWITT,1
JUNE KINOSHITA,1
JUDITH NEWMAN,1
JUDITH BERCK,1
JOY HOROWITZ,1
JOSEPH WARD,1
JOSEPH LIEBERMAN,1
JOSEPH CALIFANO,1
JOSEF JOFFE,1
JORGE LIZARAZO,1
JOHN NOONAN,1
JOHN MARCHESE,1
JOHN KIFNER,1
JOHN KENNEDY,1
JOHN HYLAND,1
JOHN CRANE,1
JOHN ALBRIGHT,1
JILIAN MINCER,1
JEREMY STONE,1
JEANNETTE FERRARY,1
JEAN SMITH,1
JEAN NATHAN,1
JANET LP,1
JANET ELDER,1
JANE THOMAS,1
JANE SMILEY,1
JANE KAY,1
JAN JOFFMAN,1
JAMES YOUNG,1
JAMES RESTON,1
JAMES POLK,1
JAMES GREENFIELD,1
JAMES GORMAN,1
JAMES GALBRAITH,1
JAMES BENET,1
JAMES BAKER,1
JACK LYNCH,1
J. BARDEN,1
ISADORE BARMASH,1
IRA BRESKIN,1
HOLAND COTTER,1
HENRY WAXMAN,1
HENRY GATES,1
HELEN FISHER,1
HAROLD VARMUS,1
GWIN CHIN,1
GRAHAM ALLISON,1
GRACE GLUECK,1
GORDON SANDER,1
GLORIA ANDERSON,1
GLENN KRAMON,1
GINA MARANTO,1
GERALD ESKENAZI--,1
GEORGE WILL,1
GEORGE KENNEY,1
GEORGE KENNAN,1
G. IKENBERRY,1
FRITZ ALEXANDER,1
FRED MCMORROW,1
FRANCINE PARNES,1
FRANCES MCCUE,1
FLOYD FLOYD,1
FLORANCE FABRICANT,1
F. DRAFFEN,1
EUNICE SHRIVER,1
ESTHER FEIN,1
ERNEST HOLLINGS,1
ERICA JONG,1
ERIC SCHMITTWASHINGTON,1
ERIC NASH,1
ERIC COPAGE,1
ELIZABETH KAYE,1
ELIZABETH GINSBURG,1
ELIZABETH COHEN,1
ELAINE SWIFT,1
EDWIN LP,1
EDMUND BROWN,1
ED ZOTTI,1
ED LEVINE,1
DOROTHY SAMUELS,1
DOREEN MORRISSEY,1
DIANE RAFFERTY,1
DIANE MCWHORTER,1
DIANE COLE,1
DIANE CAMPER,1
DIANA SCHEMOMONTAUK,1
DAVID STOCKMAN,1
DAVID SHIPLEY,1
DAVID REYNOLDS,1
DAVID LASKIN,1
DAVID KIRP,1
DAVID KAPLAN,1
DAVID GARROW,1
DAVID FINKLE,1
DAVID DINKINS,1
DAVID DAWSON,1
DAVID CARLIN,1
DAVID ADAMS,1
DAPHNE MERKIN,1
DAPHNE ANGLES,1
DANIEL MITCHELL,1
DAISANN MCLANE,1
CORY DEAN,1
CONSTANCE THOMPSON,1
CONGRESS LONG,1
COLIN POWELL,1
CHRISTOPHER KENNEALLY,1
CHRISTINE WHITMAN,1
CHARLES ZWICK,1
CHARLES BRECHER,1
CAROLINE HERRON,1
CARLYLE DOUGLAS,1
BYU TRUSCOTT,1
BURTON MALKIEL,1
BROOKE KROEGER,1
BROCK MULLINS,1
BILL CLINTON,1
BILL BRINK,1
BEVERLY HUDNUT,1
BETSY LP,1
BETSY ISRAEL,1
BERNARD GWERTZMAN,1
BENJAMIN STEIN,1
BENJAMIN CHEEVER,1
BARRY GEWEN,1
BARBARA STURKEN,1
BARBARA SOLOMON,1
BARBARA GAMAREKIAN,1
BARBARA FIFE,1
ARTHUR SULZBERGER,1
ARTHUR SCHLESINGER,1
ARTHUR LEVITT,1
ARLIE HOCHSCHILD,1
ARIEL SWARTLEY,1
ANTONY BLINKEN,1
ANTHONY DE PALMA,1
ANNE POWERS,1
ANNE BARNARD,1
ANNA SMITH,1
ANN-MARIE SCHIRO,1
ANN RICHARDS,1
ANITA GATES,1
ANDY NEWMAN,1
ANA WESTLEY,1
ALLISON LEOPOLD,1
ALLAN MYERSON,1
ALJEAN HARMETZ,1
ALISON SUSSMAN,1
ALEX YANNI,1
ALEC ROSS,1
ALBIN KREBS,1
ALBERT MOBILIO,1
ALANS OSER,1
ALAN ZALE,1
ALAN KOZINN,1
ADLAI STEVENSON,1
ADAM GOODHEART,1
A. MOJTABAI,1
A. HIGGINBOTHAM,1
